,file,hmax1,hmax2,hmax3,smax1,smax2,smax3,smed,sstd,vmax1,vmax2,vmax3,vmedian,vstd
0,2000_e022d75b-efad-4e5d-a192-970888da9532_country,0,110,40,90,80,70,8825.0,36018.03515625,90,80,40,19305.5,36852.83203125
1,2004_db04b015-973a-4fe4-8b1a-2ac0ce0a248e_pop,0,10,20,90,80,70,558.5,61870.62890625,90,80,70,99.5,49344.91796875
2,2003_fea30be1-e7c0-4fd2-ae80-c8d06c8d6326_hip-hop,40,30,20,90,80,70,7084.0,37947.57421875,50,40,30,22883.0,16036.4794921875
3,2009_254c7aa0-83c4-4ad0-9cb6-39cdff4934dd_country,10,0,110,80,90,70,10733.0,36917.875,10,60,20,14274.5,34758.10546875
4,1996_f943cb70-14b3-4243-8144-1ad83a01aaa9_country,10,0,20,80,90,70,3224.0,45331.3828125,20,30,90,22648.5,17426.8359375
5,2002_9a1e5f83-4be0-48ff-8477-dce2e73a2ace_pop,100,90,70,60,70,90,11925.5,28050.669921875,40,50,90,5487.5,38165.921875
6,1999_a5f6128e-491b-3f5e-b9e4-21b4166eb5bc_rock,100,110,0,90,80,70,32.0,71033.15625,90,80,70,4405.0,36176.5078125
7,2007_3a2c6c46-5b25-4690-8bde-d4ce9f4d211f_hip-hop,0,50,110,80,90,70,5285.5,35813.87890625,40,90,80,24432.5,16451.015625
8,2009_0584c25b-a8a9-4f0a-8e1b-2ad1549e5ffe_hip-hop,110,50,20,90,80,70,4182.5,46503.80859375,90,80,70,6617.5,41427.24609375
9,2005_25b6299e-1ab1-440b-b204-5306b399d5c6_hip-hop,0,110,10,90,80,70,1536.5,42464.55859375,90,40,50,18165.0,33528.96875
10,2002_7b4dbfb2-0a09-44f2-9b6f-be5578f0b534_country,10,0,20,90,80,40,2994.0,48856.49609375,60,20,70,23284.0,22794.47265625
11,2000_fec9289e-3a84-4f9f-9553-3d91c2d27ad7_hip-hop,110,80,70,80,70,90,15800.0,25829.771484375,90,40,80,7746.5,31760.517578125
12,2005_30214efe-bc85-48c3-b5a1-39d50fd3dd11_rock,40,110,30,70,80,60,8411.0,29489.947265625,90,80,70,8346.0,52645.5078125
13,2008_72c77ef7-aa04-44b2-ada4-ebb718bf53ac_country,0,10,20,90,80,70,4999.0,48307.3046875,90,60,80,18056.0,28628.119140625
14,2005_1915dbf5-31f1-486d-891d-9bdc92935cd9_hip-hop,0,30,40,90,80,0,2728.0,51635.05078125,80,90,70,22438.0,20161.529296875
15,1997_55c24dc9-d6bf-4fd6-b306-2b3f40c62927_hip-hop,70,20,10,70,60,90,1759.0,44223.078125,60,50,40,4024.0,53610.11328125
16,2001_73bb810c-5d15-45ef-8de9-65e38b1238f6_electronic,0,110,10,90,50,60,676.0,71491.328125,90,60,80,2177.5,63733.0
17,1995_32eace38-f6b5-477b-9b6a-6370775ebf7b_country,40,110,30,10,90,80,2971.5,45596.84375,80,40,60,11972.5,44476.16796875
18,1997_bbf6ecfb-cb4f-401c-9d05-2b6c22d1366d_rock,10,40,20,80,70,90,571.5,44290.5859375,90,80,70,6826.0,41490.10546875
19,1997_d21770fe-5235-4bba-9289-f8e3c2b39282_country,0,100,110,90,80,70,5834.5,44608.28125,90,60,50,18689.5,20251.42578125
20,2004_f4bf1058-372d-42c2-bcd0-d1a501cf1428_electronic,80,0,70,80,90,70,543.5,61645.36328125,40,20,10,2574.0,50446.09375
21,2005_aae883ce-905d-4b1b-8440-037e4102bf7a_country,10,0,20,90,80,30,6618.5,53725.86328125,60,80,70,14163.5,25864.3671875
22,2001_6ac5b964-34b5-4609-bfd6-c2aebc5cdebe_rock,0,110,20,90,80,0,3119.0,41136.51953125,80,70,60,14281.0,24761.482421875
23,1993_06dac49b-a000-40c6-a4bc-0d9105cbed28_country,0,110,100,0,90,60,17183.0,27382.857421875,0,90,50,15696.5,27025.86328125
24,1991_34d4362f-941e-461c-b994-792e0dff242d_electronic,10,0,30,90,80,60,348.0,56914.97265625,80,90,70,2829.0,47529.171875
25,2006_af3388d9-3416-4dfc-9453-8927f5b0a0bf_electronic,30,20,60,90,80,70,764.0,71073.359375,60,50,70,4825.5,32875.0234375
26,2002_e99114cc-85a3-4923-af1d-fab56aebdfd9_rock,0,10,40,90,80,50,11474.5,38076.75,90,20,0,25517.0,11158.427734375
27,1996_27c5f9be-6b51-4ddc-860f-0ed605e9d836_country,110,80,10,90,80,60,14475.5,32413.20703125,50,90,80,18814.5,23660.197265625
28,2006_9393e707-e105-42b5-aaac-c2a524a7a589_country,40,0,110,90,80,70,2138.0,58100.03125,90,70,60,22397.5,19394.712890625
29,2007_17a635c3-c8ec-4dbd-a438-5e540d49e3a3_pop,110,20,0,60,70,50,8027.0,29820.53125,80,60,90,16106.5,29561.892578125
30,1994_01b387c3-0977-47a4-8def-1aae48b79447_pop,30,110,0,50,40,90,16406.0,23900.51171875,80,90,70,10064.0,28647.7890625
31,1995_483ac6b2-555f-41ad-9a8c-7ff51e887b5d_electronic,0,40,50,90,50,80,10342.5,46355.3984375,0,60,90,19379.5,23207.7578125
32,2001_8121df2b-ef35-434a-87ae-8770373d6469_pop,10,20,0,90,50,60,17205.0,32674.265625,60,70,50,22215.0,15265.8193359375
33,1994_9b55b5f1-4ecf-49ef-8c13-442b01f8f8bc_electronic,10,0,100,90,80,70,2.0,51575.296875,90,80,70,97.0,68180.515625
34,1999_ed107f8d-fcee-496d-bba1-e3191789d6e1_country,100,80,90,90,70,80,538.5,45410.87109375,60,80,70,6537.0,34539.43359375
35,2008_cd37f7e0-592e-4da1-852f-1c416aa4cf57_hip-hop,30,40,0,90,80,70,2886.5,42406.6015625,50,40,60,23100.0,11848.7353515625
36,2003_ea5a35c8-4192-4bd9-af6b-dd244197a8e5_rock,20,30,50,90,80,60,2772.0,64517.12890625,80,90,70,6134.5,35407.484375
37,2008_a01c4390-05eb-4192-9f7c-e1a1e5246e96_electronic,50,40,60,70,60,20,29798.5,12160.7998046875,50,40,60,4068.0,35082.7265625
38,1996_65c216a0-1233-4ca4-b033-e17df5489a31_country,100,90,80,90,80,70,1891.0,35491.58203125,50,40,60,8795.5,31555.783203125
39,2002_c93f8b71-e341-457f-a680-d9b873219619_rock,100,90,80,90,50,40,22506.5,24121.55078125,30,40,60,17155.0,34470.04296875
40,2004_9b88cf3e-4077-4c1b-b5c2-148a7c7066c2_pop,80,110,0,90,70,60,13593.5,26561.568359375,40,80,10,10546.0,35327.66796875
41,2004_1e400551-b1cc-4077-bc82-844b58ef13b4_electronic,50,110,40,80,70,60,18844.0,25308.41015625,40,50,60,21110.5,20415.734375
42,1995_55b3afe2-c079-42e4-84d5-4a7e5bd4d8bb_pop,60,10,70,90,80,70,2565.5,32752.517578125,60,50,70,6868.5,31535.216796875
43,1994_04949aa9-ed92-4520-a33c-b7b6b4b3f7c6_hip-hop,0,20,110,90,80,30,1683.0,67558.9921875,60,70,90,14050.0,27252.798828125
44,2005_abba4d7c-b9d5-3259-b4d9-fe43a6f23c30_pop,40,50,20,10,90,20,17439.0,20606.87890625,80,90,70,594.5,41784.671875
45,2003_85989de3-a24d-4f68-b170-9d6631042e45_country,110,0,30,90,80,20,13531.0,29752.83984375,80,70,40,18602.0,26102.73046875
46,2006_39790482-0def-4b62-8daf-7cb8051aa71b_electronic,0,110,70,90,80,70,2555.5,63280.37890625,0,90,10,6384.5,48106.83203125
47,1990_3950d762-f987-46ac-8044-86d90e40dd5d_country,10,110,70,90,60,70,3027.0,48255.0703125,80,30,90,10885.0,31365.16015625
48,1990_d7bd5278-6a18-4542-a1be-34ab59d050b7_country,10,0,20,90,80,70,1577.0,69865.28125,90,80,70,2612.0,53917.59375
49,2008_c7ecf410-d423-4cdd-a97d-1e47104fab8c_pop,70,60,10,70,90,20,12724.0,28736.5,60,80,90,3489.0,39278.4609375
50,2007_79373ec3-88b1-4186-815c-1633b0011f75_electronic,90,80,100,50,40,30,7691.0,28304.61328125,40,50,30,27.0,74073.125
51,2005_6692240d-55c2-471f-8b9e-f4b5f575e2d1_rock,0,110,100,90,80,50,17684.5,27945.177734375,30,90,40,21030.5,11273.4951171875
52,2004_be4c8191-7b29-4667-98ff-962059c3c486_hip-hop,110,100,90,90,80,70,20179.0,22716.505859375,30,20,40,21396.0,20365.5390625
53,1992_808f4d7e-64ab-4e3a-8826-94d46c3451d1_country,110,40,50,90,80,70,7516.0,47894.28515625,90,30,20,12719.5,32492.8515625
54,1992_cff373a4-a3f5-47f1-9ae2-17f48e96f55a_rock,110,100,60,90,80,20,14098.5,35332.12109375,90,40,80,8125.5,45151.6953125
55,1990_f4afbe11-984e-4865-9677-b244dce5c8ed_country,0,110,100,90,0,80,1804.0,46906.984375,0,40,60,16416.5,22750.841796875
56,1994_08f7953d-4f06-45c5-8b2f-e837c1d0375c_country,30,10,20,90,80,70,619.0,55157.45703125,90,80,70,12871.0,28300.736328125
57,1995_d3080a3d-c41f-4d78-b80e-8d8ab26ac200_electronic,10,0,40,90,80,70,148.5,72205.703125,90,80,70,6293.5,42225.64453125
58,1998_508ff93f-7cef-49e3-a16c-368988860735_country,100,40,0,70,60,50,23967.0,10053.755859375,90,80,70,85.0,34585.56640625
59,2007_cc32d408-de18-4a62-a74e-e5f222582d4c_hip-hop,0,20,110,90,80,70,2027.0,49279.54296875,90,80,70,18628.0,16649.5546875
60,2004_4d48cb3e-cb7e-487f-a538-c309bd754877_pop,100,0,110,90,80,70,2311.5,63573.30859375,90,80,70,2201.0,38124.625
61,2006_57172fbc-f0dd-4a14-9e97-d7d366f90e01_electronic,0,110,100,90,50,60,12908.5,38955.52734375,90,80,70,13668.5,33425.24609375
62,2002_85d128ea-d0a5-471d-b982-b25664cfaff7_hip-hop,100,110,40,90,80,60,14616.5,21883.12890625,60,50,90,21694.5,24503.765625
63,1993_5b426b12-332e-49cc-a1a3-d921c668d095_country,10,0,20,90,80,50,2350.0,50453.91796875,90,60,80,7064.0,29228.099609375
64,2007_24a08714-2e03-4798-b739-d9a2cc5bf5f2_pop,110,0,80,90,80,70,2865.5,37695.0390625,80,40,30,23313.5,15555.146484375
65,1990_67ebbc43-0415-4a07-90b9-3f8f8be296eb_hip-hop,0,50,10,90,0,80,3682.0,41794.7890625,0,60,90,12420.5,30313.38671875
66,2000_2d7f5fd0-1b59-42d4-b9b6-5c9b47f9bb5d_electronic,110,0,30,60,70,80,19764.0,22946.57421875,80,70,60,13009.5,42527.26953125
67,2005_0f69648e-04c6-3082-9cd2-f973cb191781_rock,0,110,10,90,80,70,2172.5,43530.3125,70,60,80,14722.5,27862.421875
68,2003_9c24605d-c777-4e41-8cdf-e246b49ae643_electronic,0,40,30,90,80,70,3002.0,57873.33203125,90,70,60,18465.5,25861.931640625
69,2005_73432ed1-f2c5-47cb-8bcd-cf4970a73bad_electronic,0,50,100,90,80,70,9493.0,34721.31640625,90,50,60,19508.5,28529.015625
70,2004_b32b3292-55db-4883-adaf-786171f381a1_pop,110,40,100,90,80,70,8794.5,30442.4453125,90,80,40,21863.0,20258.0859375
71,2002_3447c003-0b5d-34a2-bf89-23a1b8c7ba43_pop,50,0,40,90,80,70,12758.5,35364.62890625,40,50,90,22971.0,16795.875
72,2001_44829ec0-a5e9-435f-bbea-ee6ba5c75642_hip-hop,70,60,100,80,70,90,3779.5,34268.53515625,60,50,40,10705.0,40932.88671875
73,1999_5c05047d-aa78-39b1-8a95-9a302b056110_rock,90,100,80,90,80,70,2243.5,57734.10546875,50,60,40,1627.5,40894.421875
74,2006_4d7cc51a-28fe-4f4c-8b5a-f91a12ee00e3_electronic,30,20,0,80,90,70,104.5,43361.94921875,20,30,60,16038.5,27202.623046875
75,2008_8fbf22dc-2393-405b-a6d1-71a7e87cfd08_electronic,0,100,110,90,80,20,165.5,74128.0546875,90,80,60,6780.5,54944.9921875
76,1990_1193941c-de68-3299-95b9-87b0922e27b0_hip-hop,50,60,110,90,60,70,8655.0,29795.5703125,40,50,60,26581.0,24889.001953125
77,1991_466c6528-69ca-4536-b12b-ada285318dd6_rock,0,20,10,90,80,60,1226.0,70842.46875,70,90,80,1130.5,41377.2421875
78,2003_7ed462e2-6bab-4a60-8875-41f217b699dc_pop,0,30,10,90,80,30,7401.5,49077.6875,80,70,60,17153.5,24716.068359375
79,2004_99ffd1a9-45bf-4f5c-92e2-a4b22e0ba85c_hip-hop,0,80,20,90,80,70,10230.5,40012.6171875,90,60,70,22825.0,20671.666015625
80,2002_e00f79af-9ab5-44b4-87d6-0edcf919339f_hip-hop,40,30,20,80,90,60,1584.5,47021.5546875,90,80,70,1730.0,48653.69921875
81,2006_823d0afc-b1ff-4be2-b995-47565a417005_pop,0,10,60,90,80,70,1565.5,55093.71875,40,60,0,24207.5,13938.5634765625
82,2007_e4345f70-efb0-4d01-9add-6f8ca578ed4a_hip-hop,110,100,0,80,90,70,1337.0,44928.3515625,90,80,70,12970.5,30332.431640625
83,1999_6aa63fe8-aa2d-4cdc-afe4-1f84803b496b_rock,70,30,60,90,80,70,9116.0,25189.068359375,60,30,90,15311.0,27577.0703125
84,2001_9c89067f-9d3d-4880-9a97-13688886e4c5_country,0,10,110,90,80,70,19.5,54132.4375,90,80,70,11271.0,32248.04296875
85,2006_7e1cceaf-cfe8-44a5-bc4e-35505940e8f6_country,80,70,0,80,90,70,4990.5,37743.2578125,40,60,50,15216.0,21682.13671875
86,2005_d17140f6-62b7-4fc6-a066-907be5f6e70c_rock,0,30,20,80,90,70,3323.5,39313.78125,60,20,40,28386.0,9999.5244140625
87,1991_9b125676-b2fc-4eaa-baf0-366fbbca2c2b_country,0,100,110,90,80,40,13680.5,35238.6015625,90,60,0,16008.5,25260.2109375
88,1999_49ebe9c7-570e-4d87-ad3a-e54d4ad85b30_electronic,70,100,60,80,30,20,17178.5,24109.0703125,60,40,50,4043.5,38443.7421875
89,1995_9eeaa399-0c9b-411c-8e93-2c96551760e4_hip-hop,20,50,30,90,50,80,2427.0,69013.4921875,80,90,70,2427.0,49093.40625
90,2003_a9fbae55-7780-4868-9363-2caebfaea5ba_rock,0,110,80,50,40,60,19385.0,18670.810546875,40,30,50,19066.5,23437.8203125
91,2008_4157e946-dc6d-44bf-b9b5-ecfef34ed73c_electronic,0,100,110,90,30,0,1051.5,70994.0234375,90,0,60,664.5,69945.8828125
92,2000_336917ad-16ee-40ec-91a2-7c0cb654051b_country,60,70,20,90,80,70,11800.0,28962.666015625,40,50,60,3150.0,45522.6953125
93,2007_60e1752d-8eb1-4b53-a2f1-0f3c4226e25d_pop,110,0,100,90,70,60,28313.5,15575.255859375,60,70,50,31583.5,19970.138671875
94,2000_920c4420-eb2e-4309-8ad9-b1c15109e86f_pop,0,110,10,90,80,70,13812.0,30169.37890625,80,90,20,20562.5,15057.83984375
95,2007_c98a6b0b-dc91-431c-9be1-bbbc74833642_pop,0,100,10,90,80,30,7214.0,41398.265625,40,60,80,20480.5,19134.525390625
96,2008_954f8d9c-b667-4f3b-a6e0-1e00da7e2371_rock,10,0,30,90,80,70,665.0,60593.921875,90,80,60,5075.0,57469.98046875
97,1996_9fe82bfa-ef73-4338-b476-df8d86a51e57_pop,40,50,60,70,80,60,15182.0,24431.794921875,40,90,50,25228.0,22530.466796875
98,1995_77f32a9c-8080-497b-b0d9-f93e21a5f93c_rock,10,40,50,90,20,10,14927.5,22751.79296875,80,90,60,5672.5,29870.076171875
99,2002_662ca343-80a2-4913-9cb3-01b09107bd90_rock,80,10,30,80,90,70,6481.0,34425.828125,50,90,80,25412.5,19123.109375
100,2001_fb65572a-f91c-43b2-aa8c-e835d2f4d740_electronic,0,0,0,90,0,0,0.0,75000.0,80,90,70,5727.0,49628.609375
101,2003_a9e929ac-5a2b-4e7b-9718-adc2cbe17f99_country,0,40,100,90,20,40,9790.5,29962.62109375,90,70,60,5413.0,43472.0546875
102,2007_f6b46dc2-2be1-46c4-b50e-e1ff9300e83a_pop,0,10,40,90,80,0,4365.0,56646.125,0,90,80,8897.0,36910.671875
103,2003_b4a7df4f-2a4c-4554-b24e-98e190f60345_country,0,10,20,80,90,70,9327.5,35623.36328125,80,70,60,23357.0,21616.0078125
104,1992_708d027e-cd22-3470-a60e-1aec146a18a1_rock,10,20,0,90,70,80,7364.0,37419.40234375,20,60,30,22641.5,19173.029296875
105,1994_22384986-46ce-4582-b388-bd90571a547c_pop,110,0,10,60,70,50,5037.5,33001.671875,40,50,30,12104.0,27816.611328125
106,2001_89992355-8ae5-4b7f-b4dd-7cd0650b3580_pop,0,50,100,90,80,70,11327.5,37390.26953125,90,60,80,24514.5,27639.82421875
107,1999_6c41a584-37e5-4710-aa5d-1f75c50d61f0_hip-hop,0,110,40,90,80,70,9809.0,40196.25390625,90,80,70,23485.0,20064.40625
108,1997_5965201a-bf72-40da-a28c-610d53213bd7_country,0,110,10,70,80,60,23751.0,17299.828125,70,60,90,23375.5,25411.654296875
109,2006_afdcccfe-5188-4718-b238-a6145487afba_pop,0,10,20,90,80,70,2048.0,55790.640625,90,80,60,17588.0,20575.294921875
110,2000_566eb3d5-5884-4965-8cc1-40f5d64fcfc3_pop,70,40,0,80,90,10,4574.5,41190.90625,40,70,80,10857.5,34515.9765625
111,2004_1fc32de4-cedd-4569-9e71-372d469d96e6_rock,0,10,110,90,80,60,4285.0,60279.26171875,90,60,80,8225.0,48625.59375
112,1999_1e4a9a21-7599-4d23-9193-d28bced2fb6b_hip-hop,110,0,10,80,90,70,10277.0,30588.8125,60,50,30,28597.5,15873.978515625
113,1994_707c7c8a-b092-4af9-abf4-2332471cb426_hip-hop,110,0,100,90,80,70,12505.5,31729.845703125,80,60,50,16823.0,23424.6015625
114,2000_87a51f1d-f8c2-4fa7-801c-1865e8f80cc3_rock,110,0,100,90,80,70,10815.5,29020.85546875,90,80,60,11360.0,40515.3046875
115,1998_302b15bf-5f05-4e56-8d9b-be73c4c13edf_electronic,70,20,60,80,70,50,17495.5,28310.55859375,60,50,70,18479.5,26998.53125
116,2006_6bb236f1-4c11-3308-bae0-804a90ae347b_pop,0,20,10,90,80,70,1315.0,48188.42578125,90,70,80,13921.5,26574.53125
117,1990_d8e9e0f9-7ced-4176-a935-cfac17409d10_rock,40,100,110,90,80,70,14841.0,26727.853515625,90,30,40,27979.5,21130.611328125
118,1998_f06c5dc0-e7c4-4511-b30a-b09d78c0c625_pop,100,110,90,70,60,80,23228.0,17363.044921875,60,40,50,18641.0,23745.349609375
119,2004_9577d663-00f4-4ecc-a38c-0c5c1b62bb30_electronic,0,110,100,90,80,70,401.0,67813.6640625,90,40,80,5759.0,56722.2265625
120,1994_96316bce-982a-495d-9921-2494acd756f3_electronic,0,30,20,90,80,70,1314.5,35459.8359375,0,40,30,20682.0,21143.60546875
121,1994_dbe0fa62-eb1e-4861-8818-48bda443cd39_electronic,20,10,30,90,80,70,366.5,72023.921875,80,70,90,3996.0,46180.4453125
122,2004_7992c871-d621-446e-a364-c8c0aec3f769_electronic,0,0,0,0,90,0,0.0,69898.203125,0,90,70,947.0,71386.8515625
123,2006_01bbbb06-115a-4993-b28e-9e30dea19184_country,110,0,30,90,80,70,90.0,51426.703125,90,50,40,11733.5,37466.94921875
124,2004_8d98da87-6191-4bc5-83d9-800ff42a7b27_country,80,110,100,80,90,70,699.5,40862.6328125,60,50,40,9931.0,33184.515625
125,2000_47a57cb6-e676-4502-985c-2d9c475ac9ec_hip-hop,20,0,30,90,10,20,28.5,74904.0078125,70,0,60,1032.0,48494.7890625
126,1998_a6a37a40-793d-4528-9a2c-4e8c7169e4c7_pop,110,30,20,90,60,40,16520.0,30703.876953125,80,90,70,12050.0,30239.265625
127,1994_669e7e2a-e1f9-49f9-972b-0e96ccf60ddc_hip-hop,20,40,30,90,80,70,5712.5,48413.08984375,90,80,70,15091.0,37724.125
128,1994_637df077-d40a-4e72-bc02-9ace96cd3564_country,0,10,110,90,40,80,5360.0,57572.40625,90,60,70,14038.0,27975.326171875
129,1995_2f46bec5-6923-454a-ad19-1f1d4c6e5b02_hip-hop,0,10,20,90,80,70,1255.5,54771.2578125,60,70,80,22848.0,19799.404296875
130,2007_eefa6f79-d77c-4030-a6ac-52b8e751d38d_electronic,70,80,0,80,90,70,2138.5,40224.734375,40,90,60,11930.0,38497.6484375
131,1993_691e8098-5ca0-4a6a-af1f-256d2fc79d10_rock,10,20,70,90,80,60,5379.0,53075.5703125,60,70,80,14962.0,27680.171875
132,1996_3e15d970-158a-4dda-9d00-d31b20a9eb7f_electronic,0,10,30,90,80,70,2448.5,47541.0078125,60,70,50,11271.0,39210.55078125
133,2006_97b97ec9-8b73-3a0d-aa3c-bd5ae117453e_electronic,100,110,90,80,70,90,11342.0,26991.240234375,40,50,60,11842.5,27789.4453125
134,2005_71330c9f-b5d1-4204-9fa0-c0cc63d4054e_hip-hop,0,30,20,90,80,0,3550.5,47781.25,90,0,60,15747.0,30114.8125
135,2001_f4de3bd7-a7f7-4da8-b3e8-927270c38257_hip-hop,100,20,90,90,80,70,3384.0,42319.6875,40,50,60,11682.0,29596.009765625
136,1995_d1f89730-eb6e-431f-84a0-6ca631345b2e_pop,110,0,100,90,80,70,9947.0,40207.58203125,80,90,70,3981.0,42245.5
137,2006_2531f259-9f0e-4424-9c5b-e2275bd42239_pop,70,30,10,90,80,70,379.5,48024.62890625,60,50,90,24078.5,22311.765625
138,1992_06936d3f-551a-4f49-a717-148f5471ddee_hip-hop,110,40,0,90,80,70,3706.5,50779.50390625,80,60,50,25005.0,10271.3818359375
139,1991_464721f0-91a9-42fc-b286-904106fce287_country,0,10,110,90,80,20,10634.5,38723.40234375,80,90,70,15568.0,23898.306640625
140,2006_bb572612-98ed-4cea-8893-2cdc5dee7c81_country,10,0,20,80,90,70,3785.0,41061.02734375,90,70,80,17628.0,25720.796875
141,1992_85a9de98-ebe4-4134-81ed-ccd8d4b5cfeb_electronic,20,10,60,70,80,90,772.5,52512.4375,40,20,30,2551.0,50840.49609375
142,1993_40cc2ee1-0dcc-49f2-aa88-881cfc64c4be_hip-hop,50,20,40,70,50,80,8580.5,30110.185546875,30,90,20,14039.5,26412.75390625
143,2003_1dde490b-06ba-41f0-b9c9-32283416ccda_rock,50,20,40,90,80,60,21298.5,24063.6796875,90,80,60,5783.5,47662.94921875
144,1997_e52596cc-dcd4-4aba-99b1-f600f13cb0c2_country,20,0,10,80,90,20,4015.5,58294.84375,60,70,50,8849.0,34672.7421875
145,2001_1dacf76b-e450-4945-b877-c7db83bbadce_rock,100,0,30,90,70,60,14139.5,32485.779296875,90,80,0,13037.5,37676.23828125
146,1995_31d4a361-ee0a-44f2-8db8-b0ffc8179d2e_electronic,110,20,10,40,90,50,10206.0,37170.01953125,70,80,90,709.5,37919.25390625
147,2001_bc95cda3-9bc0-4a75-b895-1cd12a0810c8_electronic,0,10,110,80,90,70,1781.0,67469.3515625,70,60,80,5744.0,39071.2421875
148,1992_15ad6386-d33b-480d-aca2-39b22526de23_rock,30,10,20,90,80,70,5397.5,54693.2734375,90,60,80,14023.5,34008.96484375
149,1999_647bdfce-8294-480a-b8fe-b331161e97de_rock,50,0,110,90,80,70,5093.0,35813.4140625,90,50,40,18037.0,29149.8828125
150,1996_960e5cd6-b869-455b-9a86-115343f333c3_rock,80,10,110,90,80,70,22279.0,16456.470703125,40,30,60,23816.5,12507.90625
151,2005_f03e1045-590b-3853-8b75-0fc0e6698187_country,0,10,110,90,70,80,1592.5,70287.296875,90,80,70,3088.5,53443.89453125
152,2002_c6ee44b4-b822-40a3-b550-a9dda17802cf_pop,0,80,10,80,90,20,10922.0,27522.607421875,90,60,10,10517.5,32200.6484375
153,1991_9b859598-af45-3927-9d2a-a8581d143b4f_pop,30,40,60,90,80,70,433.0,71922.125,80,70,60,9418.5,28141.1875
154,2006_45090fb9-77ab-3a0f-b6fd-37f6db33c2aa_rock,10,0,110,30,90,20,21959.0,16543.48046875,90,30,50,24651.0,16923.0234375
155,1993_5c3608b9-c1a6-3279-aade-3a408d8ed9b5_electronic,50,70,60,70,80,30,22984.5,16494.19140625,40,60,90,12709.5,29949.435546875
156,2008_61fccb9b-a912-4875-8c86-d889518179c9_country,10,0,110,50,40,90,8300.0,35910.04296875,80,90,70,3097.5,37055.21875
157,1992_1a7189e6-b410-49d5-b064-69b173f0aeeb_rock,20,30,0,90,80,40,5767.0,41587.59765625,90,30,20,26501.5,10642.3720703125
158,1999_3a8c1b8b-30fa-33c3-9ef8-ec9f542f9491_rock,40,50,10,70,30,60,29507.5,14010.7919921875,60,50,70,14586.0,30828.11328125
159,2004_74ef9d9e-298b-460a-8730-5222f4eb2374_pop,110,100,0,90,80,70,37.0,71881.5859375,90,60,80,10368.0,35782.22265625
160,2006_efe4802f-5faf-39b2-8e62-ea01b9906460_country,60,70,30,70,90,80,5008.0,32356.54296875,60,50,30,11844.5,37541.7265625
161,2006_49133b41-e394-34cd-91b0-3795f9208bf3_electronic,10,0,20,90,80,70,13442.5,33447.55078125,90,60,70,24968.5,19316.7421875
162,2000_d9de29b5-24cb-4343-8ce4-a68c2c378423_country,60,50,10,80,90,70,1117.0,42305.96875,40,90,80,25123.5,20660.431640625
163,2005_6eb585f4-b80c-452a-9bc5-149ad3b90e78_rock,0,40,20,90,0,20,1973.5,48284.94140625,90,0,80,2152.5,48522.85546875
164,2006_daf41569-527f-4ab1-8cda-d28a438873cc_electronic,0,10,110,80,90,70,59.0,49311.32421875,90,40,30,17937.5,24147.61328125
165,1995_737fe3c1-8b60-42d6-924f-056510d7e642_rock,0,110,10,80,50,40,22407.0,18904.392578125,80,90,70,28648.0,18893.166015625
166,1991_4006541b-afd8-4687-ae31-7195d9d92e91_country,10,30,20,90,80,70,2011.0,45869.5703125,80,70,90,23923.5,13519.5595703125
167,2002_ec1da0fc-d7f4-417f-abaf-19c3919f5b85_rock,40,10,0,40,50,60,8725.0,37561.515625,70,80,60,13196.0,26464.591796875
168,2006_b5d8192f-6924-4e2c-952b-b10b69eb2cfa_electronic,0,30,40,90,0,80,516.5,39016.19921875,90,0,80,5793.0,38692.1328125
169,1997_04342860-0351-47fd-9a9a-00cf59b9c579_country,0,100,40,90,80,30,21876.0,20587.740234375,60,50,70,689.0,37816.0859375
170,2002_576deb93-2d48-4304-b649-4202223f317b_rock,100,80,110,90,80,70,500.0,58652.6328125,90,50,40,10386.0,49273.546875
171,2003_3553a37d-92cd-3d5a-bd6f-0191713daa91_rock,30,20,0,90,70,80,10577.5,27532.36328125,50,40,80,28812.0,16807.91796875
172,1991_18116341-4a97-4bf5-8a21-f40dbf3904dc_country,0,10,20,80,70,90,495.0,55839.6328125,80,70,60,16937.0,25472.447265625
173,2000_5bc069ce-749a-4c88-a3d6-bbb9fa9642c2_electronic,0,0,0,90,0,0,0.0,74970.3359375,0,80,10,3775.0,57430.4765625
174,1996_f123a7bf-01c9-458f-8fa9-6cf087d3aadf_country,10,20,30,90,60,70,822.5,72895.0078125,80,70,90,3568.5,32069.447265625
175,1998_a748a984-1790-48bf-9f92-15d5f8152fe2_country,60,10,20,90,70,40,20055.0,29894.623046875,60,50,30,12487.0,28368.263671875
176,2001_1a806523-6e3f-4ece-ac10-d470fc1d09bf_country,0,110,40,80,90,70,4258.0,43252.046875,80,70,90,20740.5,19711.634765625
177,2003_4280a2de-5ed0-357a-909e-92fed90dce09_hip-hop,0,10,20,90,80,70,5650.0,46311.53515625,0,60,20,20609.0,14191.5419921875
178,1998_46763006-00e6-4fd4-8788-5e75f5e7f170_hip-hop,0,110,50,90,80,70,3199.5,56317.2421875,90,60,50,6673.5,58145.19140625
179,2008_d4cccd1c-61fb-4939-aa53-49798314724e_rock,0,110,40,90,80,70,2949.5,61655.00390625,90,10,20,9345.5,45912.578125
180,2004_e90554b3-6ad4-4359-b917-85a22fcc0753_pop,20,0,10,50,60,40,1177.5,67785.78125,90,80,70,152.0,64766.18359375
181,2002_d24e7761-a7c4-48f6-bd0a-8fa892147191_country,40,30,0,90,80,70,32.0,70587.515625,60,50,90,20211.0,21795.88671875
182,1994_a65038f6-3936-4681-ade5-6f32cfa9487d_electronic,10,20,30,90,80,70,243.0,48885.859375,90,80,70,9261.0,33238.796875
183,2003_f954f852-11e3-46be-ad30-fd3de8e8a5e4_hip-hop,0,70,10,90,80,60,8113.5,43856.5,60,50,70,16635.0,28430.966796875
184,2007_e50d6802-fa4c-474f-a003-1d00b89f73c3_electronic,0,30,20,90,80,0,4300.5,56571.046875,90,0,10,12472.5,23927.701171875
185,1996_2825df2f-bd7b-47d9-9a51-79e9b3b21ba2_hip-hop,50,40,60,80,70,90,10459.0,24822.92578125,30,20,40,12140.5,24770.251953125
186,1997_f0781963-a86c-44b8-b6f3-6f9982832e3d_electronic,110,100,0,90,80,70,7378.5,47636.359375,90,40,50,15380.5,40878.453125
187,1999_4fc77d6e-e721-4c57-b6e4-61cad4a2b5ed_hip-hop,0,110,30,90,80,70,4144.0,59631.94140625,80,90,70,21301.5,19120.8515625
188,2004_5ea95501-8ae3-461c-b4ec-c9aa83e61fc9_electronic,40,50,30,90,80,70,14770.0,34949.75,90,70,60,12153.5,25587.40625
189,2005_091786c8-db0d-4ce9-8a60-f13bda4abfd9_hip-hop,30,20,0,90,80,70,31.0,65235.15234375,50,60,40,16080.0,27170.23828125
190,1996_dd51cabe-c150-38cf-b0cd-ebc9e5c9994f_rock,0,10,20,90,80,70,114.5,65134.390625,90,80,70,2992.5,49522.5390625
191,1997_5c2103db-5dab-469f-9697-02c9e542ad4a_country,0,10,80,90,80,70,1077.0,44243.0390625,60,80,70,17886.0,26454.896484375
192,2002_75b18e80-d108-4055-b26a-79ce08728d45_hip-hop,10,70,0,90,70,80,10978.0,27910.197265625,40,60,50,22267.5,19581.564453125
193,2003_345eee80-84f0-4f12-8c72-807d7e5038ed_electronic,50,40,0,90,80,70,402.0,65070.640625,90,60,80,13760.5,29573.8203125
194,2008_7db4927b-6dd8-4e78-abc5-ba51ff5cd9d5_country,110,0,10,80,90,50,16048.0,25285.9375,90,80,60,12367.0,27676.123046875
195,2006_6a76b16c-be39-3175-a4e8-8ed2ac969a6d_rock,60,110,0,90,40,80,5755.5,37581.65625,60,70,50,11708.5,37703.0234375
196,2000_757c481b-c243-498d-bba9-91dec78a49ec_rock,0,10,30,90,80,70,4425.0,49360.55078125,90,60,70,25351.5,19358.212890625
197,2000_7e0c0c74-1954-4591-98e2-2d26d6ada54c_electronic,70,80,100,30,80,40,26900.0,12617.98046875,40,50,60,5791.0,40740.77734375
198,2006_2c8efc87-84d5-4519-8898-934c82c6bf46_rock,110,0,100,90,80,70,4444.5,43168.3359375,90,60,40,26207.0,14518.6240234375
199,2002_f0d5ab53-cfa7-4877-bf43-6348c348eb7f_country,30,50,10,90,80,70,0.0,74042.6171875,80,90,70,255.0,41494.640625
200,2002_02d63f84-fd12-4611-b612-d8e4b058b5f2_electronic,110,40,30,40,60,50,22673.0,18963.5859375,80,60,70,17124.5,25090.2890625
201,1998_b58b451e-77e8-4d11-a3ed-99a64df539d5_electronic,50,40,60,90,80,70,12143.0,28653.5703125,60,70,50,30349.5,14135.3447265625
202,2008_e686f0f9-d7fc-4db3-b918-542e6963ebec_pop,0,10,80,80,90,70,829.0,41481.53125,20,80,40,12851.5,40816.4921875
203,2002_67cf06d4-c23f-4720-9d08-aecea1e22b79_pop,100,110,30,90,80,70,4690.5,38905.63671875,80,60,50,22897.0,21854.91015625
204,1995_ea312cf2-017e-4362-be40-588bfea67fff_country,10,0,20,90,80,70,556.0,50431.28515625,90,80,70,13842.0,26089.06640625
205,1994_8bd26f90-a889-4824-9cc7-74e2393707a6_country,40,100,30,90,80,70,96.0,55536.51953125,60,90,70,17104.0,24528.42578125
206,1992_d7471394-4eab-4a27-8b21-65024c07e753_rock,10,80,0,90,80,70,4084.0,48261.2265625,90,80,40,15333.0,22396.33203125
207,2009_93d7160a-ebfe-4678-908e-037e3952a96e_country,80,0,90,80,90,70,8667.0,32294.494140625,40,50,30,16498.0,32071.650390625
208,2008_b9c004a2-0c3b-4e09-bee3-d147872a9266_electronic,0,110,10,90,80,70,3442.5,43396.60546875,90,40,50,14347.5,33216.45703125
209,1999_19c9c45f-fd34-4f0d-9bc8-f53e6cbce3cb_rock,20,30,110,90,70,80,2052.0,35598.1484375,90,80,70,20240.0,22218.96875
210,2007_3e5abaf6-faca-4d56-b272-d6931e1bd164_country,0,10,110,90,80,70,303.0,62752.38671875,90,80,70,2128.0,60962.19140625
211,1995_0dcb1330-c599-44d0-9993-9b8b84034890_country,10,20,0,80,90,70,484.0,45334.67578125,50,40,60,12252.5,30236.390625
212,2002_3406f8a6-b047-4e64-9175-0ffba399e1e7_hip-hop,0,40,30,90,80,70,959.0,70071.625,0,90,80,9885.5,43937.9296875
213,1998_09cdc71c-ed69-3be2-a587-cf475e3612db_country,110,0,100,90,80,70,4724.0,57181.4375,80,70,10,22529.5,20023.029296875
214,2009_faafdc60-4be5-4a22-8e8c-670ec5d385e2_pop,10,0,20,80,90,70,712.5,58958.41796875,80,90,70,9555.0,36675.5390625
215,2000_d1d702b2-a3fc-422d-9c6e-c5d0633b9ecc_rock,60,70,110,60,50,70,11411.5,41494.94140625,30,40,90,11456.0,35450.10546875
216,1991_ae97eb23-501f-478f-9d1f-258094d7e47f_pop,80,70,0,80,70,90,2559.5,43468.1953125,40,50,60,9524.0,39937.328125
217,2007_13742f8b-d981-48b5-b1e0-1acb3e21d520_electronic,0,80,20,90,80,70,2942.0,48137.29296875,0,40,10,9036.5,26955.580078125
218,2000_1e16f409-d014-430c-b5e3-3e0a1bab2e64_rock,110,100,0,90,80,60,20664.0,17396.640625,50,80,20,27701.0,15868.361328125
219,1997_1158929a-8a88-4b06-a7c9-cd5930db146e_hip-hop,10,0,110,90,80,70,1529.5,67313.046875,90,60,80,18672.0,24712.8984375
220,2000_79991c08-21fb-4aba-87a6-b681ddf44bf2_hip-hop,70,80,50,50,40,90,12085.0,33136.17578125,10,20,90,7365.0,50343.61328125
221,1999_d33ce12c-6973-4b81-bdfe-21ebabedc158_hip-hop,20,50,30,90,80,70,1194.0,64889.6953125,90,60,80,5142.0,40359.98828125
222,2001_0c378146-0be6-34af-8f0a-95f8d29a5c8c_hip-hop,40,0,10,90,80,70,1798.0,59484.10546875,90,60,50,23603.0,18506.84375
223,1997_6d969bc3-6575-44e7-87eb-a2142c20163d_pop,20,0,10,70,90,80,1415.5,38579.63671875,20,10,60,18315.0,24499.287109375
224,2006_07209a3d-955d-4889-ac8a-8b54a0f744d3_hip-hop,0,110,100,90,80,70,398.0,70409.609375,90,60,80,2065.5,64983.1640625
225,2008_b0621012-1b76-4283-9a94-167cb787dbc2_rock,110,0,40,80,70,90,16066.0,25497.283203125,60,50,70,14893.5,27606.353515625
226,1998_ff7d4424-3041-4a6b-9960-d602b0ce7855_country,110,0,100,90,80,70,6436.0,53781.92578125,90,80,70,8272.5,40549.03515625
227,2007_a1307a83-8a01-4e6c-9b69-ba1aa01b9171_country,0,20,40,90,0,40,1043.5,47736.6796875,0,90,60,4172.0,47927.94921875
228,2000_19976ffa-c705-4535-bdaa-cf2f73a32bd4_electronic,30,20,10,90,80,70,164.0,66741.4453125,60,50,30,29323.0,14533.3876953125
229,2003_c0e58077-b627-4130-bb95-c6e3659469d9_country,10,40,20,90,50,40,2545.5,35864.49609375,90,80,70,8637.5,30848.939453125
230,1994_c5dbbbd9-c48b-489e-a2d6-f19122d652af_rock,60,10,70,90,70,80,12498.0,33776.4453125,60,50,90,21748.0,24234.615234375
231,1995_8448c029-52f5-41f0-bc80-718d8d91fae5_electronic,100,50,60,90,50,70,33065.0,16723.67578125,50,40,90,12509.5,30384.849609375
232,2009_3a0138b9-1ec5-49ee-a07d-80044fc683db_pop,80,90,70,50,60,80,23381.5,21845.30078125,10,20,30,5680.5,46447.17578125
233,1991_a9aff52b-0475-4c15-a4fa-117886c99a06_hip-hop,30,20,0,90,80,50,1175.5,64073.1796875,90,80,70,4200.0,43027.3515625
234,1999_0f6a17e6-b9d7-4a9a-af7d-665dcb5da460_hip-hop,10,0,30,90,60,70,5971.5,58643.984375,90,80,40,5082.0,35150.8046875
235,2004_bbfd46c9-8647-473d-8382-917920724ea1_rock,50,100,110,90,80,70,6835.5,47502.9140625,90,80,50,16078.5,37852.08984375
236,1993_ae9f317a-a627-4f97-a3b3-72ac73801344_pop,50,60,20,70,80,60,5027.0,40428.54296875,60,70,80,1370.5,37792.11328125
237,2001_81879848-ce29-407d-a55a-a57e999ca533_pop,40,0,10,40,50,60,15611.5,23135.876953125,70,90,80,12662.5,28291.134765625
238,1993_3a07b127-5dd2-4133-9e84-e1d9d55eafc0_rock,10,20,0,80,90,70,5758.0,39109.59375,90,80,60,23955.0,17608.18359375
239,2005_22c7b8ee-a6a6-4818-a9a7-843fbb2c9d03_pop,110,0,10,90,80,0,2816.0,46708.5546875,60,70,0,19847.0,16620.1328125
240,1999_97831ff7-20b7-4eac-8d68-1b644936278c_hip-hop,10,20,30,90,80,70,606.5,48604.99609375,90,80,70,7457.5,46668.39453125
241,2002_d50a57de-6ee5-4eb3-89de-ec8c08b9fa12_hip-hop,30,20,0,90,80,20,7181.5,44329.73046875,90,80,0,11721.5,32268.5390625
242,1999_3566c002-a04d-480f-8246-640e9f4e8108_electronic,70,80,0,80,90,70,7095.0,48158.71484375,60,40,50,15492.5,32210.724609375
243,2009_5aca9cda-fc06-47ce-a5f3-bf415b1710e4_rock,110,20,30,90,80,70,4824.0,41380.18359375,80,90,50,19556.0,27071.962890625
244,2002_e27f633e-f508-4c32-98db-a68eba043e90_hip-hop,10,110,0,90,80,70,3447.5,61068.3359375,90,80,60,7744.5,44974.64453125
245,2008_2251575e-382f-49f3-8778-2fd3b731db2c_country,0,110,80,90,80,70,4.0,60735.7109375,60,30,40,5593.0,30073.61328125
246,2005_240fd4f6-217a-47f3-a81a-90a08d4cc360_hip-hop,10,0,110,80,90,70,3666.5,39868.40625,90,80,60,17551.5,24293.369140625
247,1996_7d2fad7b-1e9b-4c9b-8c21-5057dc237394_pop,100,90,80,80,90,70,574.0,41961.51171875,50,90,20,14136.5,29738.916015625
248,2003_27a2ff98-b36e-4897-959d-851bdfdfc81f_hip-hop,40,0,30,90,80,70,13648.5,30290.7109375,10,90,20,18383.0,19376.572265625
249,2007_29f32ce1-8b4c-4757-bd11-d9a072fc11db_rock,110,70,100,90,30,40,20951.5,17636.533203125,50,60,90,25717.5,26014.7890625
250,2007_07d28133-913d-4121-9f5a-a96f991c3733_electronic,110,0,10,90,80,70,1863.0,66780.4453125,90,80,70,4391.5,52964.84375
251,2007_9f33230f-a517-467e-bf7a-dcd13d3e3a71_pop,0,110,10,80,90,50,5878.0,37678.82421875,90,80,70,1415.0,53837.64453125
252,2008_09d13236-51ed-458a-b752-832868623f04_hip-hop,0,40,50,90,80,0,6185.0,37520.76953125,90,0,80,21824.5,18423.974609375
253,2003_dc45d5c5-c6ea-4645-ba49-757642a8c2b5_rock,0,40,50,90,0,80,7427.0,33306.93359375,90,0,60,13954.0,33070.84375
254,2006_1deab224-1c7c-45b1-a081-8f9f4655c0fe_hip-hop,20,0,40,90,80,0,2976.0,43980.62890625,90,0,80,12696.5,26407.041015625
255,2006_6a902bb8-31bd-32a9-bef2-31cdfff84082_pop,100,20,10,90,80,70,4192.0,60265.14453125,70,60,90,21115.0,24014.828125
256,1993_deceeaef-f03d-4c62-af31-5caf7482898b_pop,10,0,20,80,90,70,775.0,40198.10546875,40,50,30,23081.0,20672.822265625
257,1998_15a9376e-5407-44cb-adaf-55242c494cca_electronic,10,0,20,50,40,30,9383.0,29885.201171875,70,90,80,17689.0,25200.103515625
258,2003_161414b6-530a-4987-9b01-e496bb1f581a_country,0,60,70,90,50,40,15518.0,25415.52734375,40,90,50,13726.0,27612.6171875
259,1997_2b60087a-bb73-432b-b986-b43931064d0e_pop,40,30,0,90,40,50,9327.0,40909.52734375,90,80,70,7998.5,29773.609375
260,2008_f9720b6d-5c8c-42cd-ba94-685394ae4a9a_pop,30,20,60,90,60,50,1154.5,58712.18359375,60,70,80,1645.5,36257.2421875
261,1994_f4ba50c7-25b4-4613-a709-664c866047ee_rock,0,10,30,90,80,70,4175.5,41323.40625,90,60,50,15284.0,30005.33984375
262,2000_829a95a1-c08f-4f28-8012-8daf3504f217_electronic,10,0,50,90,50,40,3165.0,59348.8125,50,80,70,2083.0,55261.2265625
263,1997_e6215166-075f-4c9e-93db-d3d028dd8fe1_electronic,110,30,10,60,70,80,19023.0,23946.283203125,70,80,90,24562.0,16264.7119140625
264,1993_09a7cf2a-c5f0-4d60-b98d-7cb2dc085128_rock,110,0,20,90,80,40,21649.0,19035.95703125,90,80,60,12014.5,28994.8515625
265,1998_b1505d97-4951-486e-84e0-1bc01f2a8567_electronic,20,30,0,90,80,70,652.0,47130.51953125,30,40,60,23000.5,19797.994140625
266,1999_4947b1b5-926c-4148-80ce-9e662356c47e_hip-hop,0,30,20,90,0,80,1261.0,52673.9453125,90,0,60,20328.5,21845.04296875
267,2008_fe7cefee-997f-4cd7-899e-de5db2566d29_country,10,20,110,90,60,80,15880.5,27236.28125,90,40,50,25130.0,19269.25
268,2000_978aad5f-18a8-4ef8-b182-0c38c446d91f_pop,30,40,10,90,10,20,4375.0,34362.10546875,80,60,70,7873.5,37084.02734375
269,2002_a020be63-0c14-404d-bdaf-96f3583dafd2_electronic,70,0,80,80,70,90,2424.0,39589.9765625,40,20,0,7192.0,43445.94921875
270,2004_15d7a651-3550-442e-bd48-acbed0efb901_electronic,100,0,110,90,80,70,13017.0,27987.13671875,50,60,90,32273.0,20338.88671875
271,2006_4e390c3e-a1eb-4e20-9679-8d52ca76dee6_hip-hop,110,20,10,90,80,70,1924.0,53365.9609375,90,40,80,18954.5,25638.763671875
272,1994_3ddee01e-da2e-438e-b353-8fa3dab246de_electronic,50,40,60,90,80,70,116.0,68132.9140625,90,80,70,23320.5,24851.2265625
273,1995_1f12e476-f578-4a07-bc6f-578afed93e95_electronic,10,20,0,90,50,60,9451.5,46536.828125,80,90,40,18480.0,25867.7109375
274,2005_8c7383c8-2020-4cae-9a6e-74acbb22c7bf_country,0,80,70,90,70,80,5169.0,35456.13671875,60,50,70,13125.5,28621.470703125
275,2005_776dd212-5050-4c76-88bc-089d9a51369d_hip-hop,20,80,10,90,70,80,7746.5,48538.4140625,80,60,40,20594.0,31078.609375
276,2005_d05c7c9a-a636-4b12-ac6b-c1de3a56bc65_pop,70,80,90,70,60,90,7104.5,28290.9375,30,20,40,11592.5,33219.81640625
277,2007_97f5ade7-e87d-480c-a956-cab764c0a6bf_country,30,110,0,90,80,70,4121.5,53577.04296875,40,50,60,14821.5,26954.939453125
278,2006_e403facd-913e-4ab4-a8b4-d397c79550e2_electronic,110,0,10,90,80,40,14252.5,36655.27734375,90,80,70,26322.5,17814.447265625
279,2009_bff295ae-51d0-470f-b6a9-d511643e753e_rock,0,40,50,0,90,80,1040.0,58225.234375,0,90,60,4395.5,59460.5703125
280,1993_4d30c9fb-512a-48d8-9a27-55314e788c23_pop,10,20,70,90,70,60,9924.0,34800.95703125,60,90,70,21513.5,20281.677734375
281,1993_f76fa63b-7797-46e1-949c-b646b2cc9fe8_country,60,0,30,90,80,70,5238.5,41710.79296875,90,80,40,25700.5,18373.251953125
282,2006_84d537c0-bc24-43dc-ba55-377c25e9c17a_rock,110,10,0,90,80,70,15056.5,27623.837890625,90,60,70,14226.5,25056.197265625
283,1993_cb7ed05e-0466-42af-8f0e-9766f46c1c17_hip-hop,110,60,50,90,60,80,14417.5,28223.98046875,40,90,50,18597.5,23575.287109375
284,2006_650ae81b-89d2-46cf-a3f6-be34046a7303_hip-hop,50,70,60,80,50,60,23769.5,16826.8984375,40,50,60,3830.0,45864.671875
285,1991_23933dbe-e90d-4c83-b9f8-286039b4c2d7_hip-hop,0,40,50,40,30,90,18455.0,20763.81640625,60,70,50,19329.0,25274.78125
286,2000_6d750833-523d-4dc9-a14a-6d45c9b411ac_country,0,90,110,90,0,80,736.0,48754.25,90,0,60,21412.0,20077.294921875
287,1995_e1b24c75-812a-4306-ad42-f88916b073f3_pop,0,80,100,90,80,70,6309.0,34642.546875,60,50,70,15596.5,27514.212890625
288,2009_f8de22b6-c66d-4036-9311-cb80b57c0d32_pop,50,40,20,90,80,70,1873.0,52526.26171875,90,80,70,24503.0,25739.552734375
289,1990_498f132b-c8a3-4d51-a906-367704f692ae_country,110,0,100,90,80,60,12183.5,31414.724609375,90,70,60,21361.5,23936.6015625
290,2006_e8bd2c33-ff7d-40dd-84ba-c016d8d08c7b_country,110,50,40,80,40,70,22706.5,16516.56640625,60,80,50,30603.5,18313.443359375
291,2004_d9d6d2d0-8552-4c12-982d-49cc6a4d7a7e_pop,0,20,10,80,90,70,6371.0,37509.68359375,70,60,50,30664.5,16717.2734375
292,2006_dd54d9da-975d-4b47-bbc4-c809f99f9426_country,0,110,70,90,80,70,219.5,64708.0546875,90,80,60,4402.5,56121.44921875
293,1998_d6521901-fa16-451d-86f3-50273ff5fb05_hip-hop,110,0,70,70,60,80,22838.0,9832.041015625,90,50,40,19101.5,27837.556640625
294,1992_8ca6058f-f7da-4106-9e9e-b2c00e2ba1ea_pop,50,0,60,90,70,60,17258.5,23824.55078125,60,90,70,11337.5,28775.515625
295,2003_dcc9ac72-5226-4d11-bd61-872e0be24545_hip-hop,0,10,20,90,80,60,8046.5,46984.63671875,90,60,50,18537.0,22878.84375
296,1995_4df2f9a7-8d62-4895-a28c-c5df3e666ad5_rock,30,40,110,60,80,70,2473.0,60066.75,90,80,70,3485.5,67533.34375
297,2002_4f0e5075-047a-4103-9ba1-d5f99f99d36c_country,10,20,70,90,80,70,600.5,49793.3203125,60,30,40,23694.0,17521.0625
298,2008_f677da4a-c069-4ae2-9bde-bafdcaa3eaa9_rock,0,100,80,90,0,80,2204.0,36757.9140625,0,50,60,12924.5,27928.775390625
299,2001_1f026be6-5446-4a40-8979-40b52dbbd8fa_pop,10,20,0,90,80,70,216.5,59593.46484375,80,70,60,11422.0,25909.416015625
300,2005_78e0a82c-f6e3-45fe-8f5c-190ae91bf357_rock,30,0,40,90,80,50,21018.5,19195.375,10,20,30,18606.5,16811.599609375
301,2003_5657f5dc-d0df-41f4-8134-12df29236c22_pop,90,80,100,70,60,80,23934.5,19219.103515625,40,50,60,10555.5,26991.533203125
302,2007_0194abe3-f137-3757-b639-2566af63036d_electronic,0,30,10,90,80,70,300.5,49976.91015625,60,80,70,19809.0,25271.853515625
303,2007_4eb56cea-ca17-4f14-bf98-cfdef3947c7f_hip-hop,40,0,70,50,60,80,17533.0,23872.044921875,30,90,50,27296.0,19381.884765625
304,2004_d22a36ce-2a5d-48d3-a3f6-4c226a8fac26_pop,0,30,10,90,80,70,12737.5,34417.4296875,90,60,80,27528.5,11278.556640625
305,1995_72cbb9e5-99aa-45ef-a762-8dfb6eb3674d_electronic,20,0,40,50,60,90,11452.0,28596.474609375,90,80,0,7705.0,41459.13671875
306,2007_bd10b986-eca8-40a9-8ded-dd7804d271fb_hip-hop,30,10,0,90,80,70,3737.5,43008.19921875,90,50,60,26382.5,13509.8916015625
307,1991_29adc87d-8df0-4a66-8e26-10cb67a9461d_country,0,100,110,90,80,70,4556.5,38598.12890625,90,30,80,10772.0,32357.41796875
308,1994_d939d8f4-6e1e-48c5-9ee5-c01bb41404e4_pop,0,110,100,90,80,70,565.0,72178.7421875,90,0,20,1835.5,69879.046875
309,2007_6acf7da7-d6e5-4a92-b160-5efe87ed68a7_pop,30,40,110,60,50,80,22944.0,23799.490234375,90,80,70,14889.5,22525.306640625
310,2000_534b6c59-1838-40d3-8bdf-e218e822c740_electronic,0,10,110,90,80,60,147.5,63812.94140625,90,80,70,1766.0,43388.06640625
311,2006_69ffac87-4f95-47ba-8826-a9ae8e643f61_electronic,10,20,0,90,80,70,8.0,49796.796875,30,20,40,17596.5,27413.927734375
312,1996_2fa486f2-5e20-4a63-8e03-2a16dc32963c_rock,50,10,40,90,80,70,512.0,46438.86328125,90,60,50,25377.5,25448.814453125
313,2005_7f634e83-03a4-4ef1-aaa2-b520e4415e6b_rock,60,70,10,90,70,60,13900.5,27670.08984375,60,70,40,18551.0,27957.009765625
314,2000_6a0c8924-925e-48ee-96f5-0af82187aa79_rock,80,90,70,80,60,50,3420.5,61190.5078125,20,40,30,1967.0,41620.24609375
315,2005_96ec45d1-859f-4179-a59c-d7b4faef77f0_rock,0,30,40,80,70,90,4929.0,34957.98828125,50,60,40,22748.5,9514.34765625
316,2007_163ecae4-6bb7-479d-8e90-92aa03cb79bc_country,10,0,60,90,80,70,10451.0,41459.578125,50,60,90,20802.0,24054.70703125
317,2008_a57ef7f3-7cc3-4552-b945-778531ce0c61_electronic,30,20,0,80,70,60,5000.5,48616.2265625,50,40,60,9037.0,29571.935546875
318,2003_3c0995a3-978e-48e8-8ff6-01a7b501228e_electronic,110,0,100,90,80,70,295.5,66937.984375,90,80,70,6900.5,35363.69921875
319,2001_93216356-7f66-4492-9fba-54ab96f0c7bd_hip-hop,70,10,30,80,40,50,8705.5,43109.80078125,60,70,50,6616.5,42341.58984375
320,1997_6137f03f-be09-418d-9b5a-9799531f635e_rock,70,30,20,90,80,70,202.5,59289.44140625,60,30,40,14427.0,31913.859375
321,2007_47949ab9-3cbd-4fe0-8e6a-46539a6cae80_electronic,0,110,20,90,80,70,1562.0,56793.28125,90,80,70,7826.0,52623.2890625
322,1991_9d5166bc-4369-3192-86b9-859d77dec9ae_electronic,0,0,0,90,0,0,0.0,74999.6640625,90,30,20,3157.5,64905.421875
323,1990_491ded48-ec70-42cd-bba3-7fc4b0115f56_rock,0,0,0,0,90,0,0.0,50090.61328125,0,90,80,669.0,49427.03125
324,1991_cb35a21f-f597-439a-99ae-4184a2c2d3bf_pop,0,20,40,80,90,70,8970.0,37849.0078125,90,0,80,16084.5,25913.56640625
325,2008_e2b314d5-5a49-48a1-83df-26172acb37d7_country,110,0,30,70,90,60,23775.5,21582.5625,70,80,60,12431.5,27479.041015625
326,2007_b12c60d7-80c9-4391-b885-22dd289759e7_hip-hop,110,80,0,90,80,70,6610.5,43961.01171875,80,40,20,21632.0,22111.833984375
327,2000_e301ce16-02f7-4339-8177-5f787559f9ca_hip-hop,80,90,100,80,60,70,463.5,33504.9375,50,60,40,104.5,52319.4453125
328,1998_a0dfcd18-8b1a-4efe-aa62-13b44eefcd86_rock,20,110,0,60,50,80,15929.5,26167.66796875,90,80,70,6319.5,41987.91015625
329,1991_4362b319-05ad-4923-a9fe-20240eb7b174_country,0,110,30,90,80,20,1007.0,67246.703125,90,80,40,19159.0,25380.240234375
330,2001_970b98dc-e7a4-46fa-9cf6-bb5d450c522d_country,0,110,10,90,80,70,2759.5,58137.42578125,90,60,80,10285.5,50001.67578125
331,2003_c9f2922b-3334-452a-b745-334724bf4830_pop,110,20,30,90,80,50,2172.5,52370.26953125,70,60,80,8047.0,33840.37890625
332,1992_7d7aa4f7-8165-4dfb-b073-b0e1e1b8845a_hip-hop,20,30,40,50,90,60,11452.0,28796.22265625,90,80,70,14439.0,29508.48828125
333,1992_efa36c3d-2e8a-4cab-b3c5-32d12b3f07b0_electronic,10,20,50,90,50,40,14153.0,25320.41796875,80,90,70,14484.5,37751.3125
334,2002_c1874f9f-d728-478b-884b-a4077ed70d15_rock,0,110,100,80,90,70,6900.5,38001.8125,60,70,50,25732.5,20876.697265625
335,2003_731fd3d3-10ea-4a41-9e6d-871488e53f54_electronic,0,110,40,90,80,70,6390.5,46043.30078125,20,30,10,22851.0,13580.3671875
336,2009_30e4620f-b5b5-46b5-af6b-57457d33d716_hip-hop,80,90,0,90,80,70,1054.0,40999.87890625,40,50,60,9080.0,29139.64453125
337,1990_83219409-a39c-3c3c-9928-06f0eac04423_electronic,50,10,20,70,80,30,10965.5,29343.603515625,50,60,40,18130.0,30266.462890625
338,1993_61a92fac-a3a9-43a5-97f4-fc79e6e44cdd_pop,110,40,50,80,90,70,16249.0,19935.0390625,70,80,50,25186.5,18245.103515625
339,1994_7bdec870-d321-4b69-a424-35d5e67ce442_hip-hop,30,20,50,90,80,70,6014.5,53783.05859375,90,80,60,13233.0,22427.5390625
340,1999_e7b6c232-063d-4f9e-a6a6-c3af8337199a_country,110,80,90,40,50,60,19932.5,24008.619140625,50,60,40,4848.5,32769.140625
341,2005_ca485ab0-da87-4fdf-9564-6664f23a7945_rock,0,10,20,80,70,90,3432.0,41709.16015625,80,40,50,22809.5,24462.2421875
342,1994_c938d527-546b-451a-99d1-e883a490e0c2_pop,0,110,10,90,80,70,3483.0,45460.546875,90,20,30,11764.5,37926.17578125
343,1993_1932563f-b7ac-43db-9b35-01bd11fd5299_country,0,10,40,90,0,80,946.5,64718.37890625,0,90,60,7574.0,38517.23828125
344,2002_8b717570-1fc5-41cc-b05a-b0354414679a_rock,10,20,30,80,90,20,108.5,70606.2109375,80,90,70,166.0,70308.9921875
345,2004_196e0ccc-8976-45af-a865-b109218539c3_rock,20,70,30,90,70,80,3844.0,37459.8359375,60,30,20,13098.0,29490.85546875
346,1998_3fb4454a-64b6-4981-8748-4cdd889fe04b_hip-hop,110,50,0,90,80,70,907.0,49978.1875,90,70,80,5191.5,42991.30078125
347,2005_6ac9f4c6-3f11-44e6-872a-5ae6fa8b15fe_electronic,0,0,0,90,0,0,0.0,74949.3515625,0,90,10,655.5,61678.2890625
348,2007_e3c33f03-3324-3ace-b5e2-887dba7795fd_pop,0,40,20,80,90,70,10861.5,34985.375,60,70,90,30230.0,17591.755859375
349,1995_50b4286d-282e-47ee-8a70-6f2357dc6919_rock,110,100,50,80,70,90,2878.5,38637.44921875,90,80,70,856.0,46503.75
350,2000_65bbd028-3343-4943-84a2-ad9fd51350fd_rock,10,30,0,60,70,80,39.0,58666.9453125,90,80,70,1633.5,48412.80078125
351,1994_2c781a00-943e-42f0-a4a0-a26559811a41_electronic,110,50,60,90,10,50,25007.5,7328.27001953125,40,50,80,15624.5,31164.404296875
352,1990_3f6ba929-ff4a-4af8-a896-2803ca3112c0_rock,50,100,40,60,50,40,19225.5,24995.771484375,80,90,70,171.0,42205.76171875
353,1991_7f113627-ef05-4c70-aa80-8ca90e15df4c_rock,40,30,10,90,80,70,9564.0,31591.857421875,30,20,40,26632.5,15826.4453125
354,1999_5528841d-3e6f-4e4c-97f9-e1d1cc196206_electronic,70,10,110,90,80,30,14719.0,28853.537109375,60,90,80,19488.5,25005.88671875
355,2004_94638975-a7ed-4d4b-be00-960c89c55027_hip-hop,0,110,40,90,80,70,4792.5,43397.90625,90,80,60,13491.5,27860.27734375
356,2009_84c9200f-d9d7-48c0-a274-2df3f1c9a8ba_pop,10,40,20,70,60,80,7884.5,30680.03515625,40,50,30,19702.0,22865.724609375
357,1993_610c553f-6d11-4427-bf0b-77226960b901_pop,100,50,80,10,50,30,20128.5,12626.052734375,10,40,50,3850.0,42999.49609375
358,2005_fc648794-6666-4a13-83e3-0f20dc8a4c0c_electronic,30,20,10,80,70,90,602.5,44995.8046875,50,40,60,21901.5,21757.7734375
359,2002_167b51f4-1f76-4bf0-8626-fe4e93bb993f_rock,30,40,20,60,70,80,20531.5,26884.98046875,40,30,50,17848.0,25239.841796875
360,1993_04b56b33-9dc4-4cb6-90db-a7717f5d3cda_country,0,110,10,90,30,40,8106.5,47156.390625,80,90,70,13557.5,25157.712890625
361,2008_1cd772fd-838a-4a20-b1d7-f6d40877a60b_rock,0,110,10,90,80,70,4190.0,47973.2890625,90,60,40,24169.5,17288.818359375
362,2002_708f085d-210a-4b81-9f31-51130dc11d1c_pop,10,20,30,90,80,70,2018.0,61408.64453125,70,60,80,3744.0,37289.67578125
363,2006_b0beb1c8-1ed7-3dda-a77a-ad48fde73104_pop,20,10,0,90,80,70,1000.5,65384.7578125,70,60,80,12050.0,27326.2734375
364,2006_cc491072-7ed0-40c1-a36b-4499e86de2b5_hip-hop,100,70,90,90,80,70,12893.5,27774.044921875,40,60,20,24838.5,18808.548828125
365,2009_88a77286-9fef-405b-be10-a2f12877cb22_country,0,70,100,90,70,80,1961.5,43816.11328125,90,20,30,13820.0,27276.341796875
366,2003_41e7289c-9db7-4a4e-9bfb-54e0a81ba57c_hip-hop,110,0,10,90,80,20,1118.0,70758.6875,90,80,70,23.0,70158.2734375
367,1993_846f3d24-9006-4ef3-9f4e-ef13317d98a0_hip-hop,0,110,100,90,80,50,3465.0,49889.05859375,90,80,60,16482.5,29422.052734375
368,2007_ee553dec-4f1a-4d55-8146-32151ee4a466_country,110,0,20,90,80,70,14270.5,24335.103515625,0,90,50,25942.0,9424.8857421875
369,2004_ea074fb8-888d-42a0-b2f9-d73b0039f5c0_rock,20,0,10,90,80,70,0.0,53819.17578125,50,60,70,19637.5,30357.4140625
370,1998_de32ea23-1f25-4359-93ee-afdc9de2b6dc_electronic,70,80,0,90,70,60,25166.0,24950.51953125,60,90,40,12197.5,38749.70703125
371,2006_f7b5f3c0-a688-4433-85bf-f478ddf5edff_hip-hop,30,0,20,90,80,70,240.5,67996.71875,90,80,60,7788.5,32984.91015625
372,2000_df091849-095e-433f-b451-3adecf294578_electronic,0,0,0,0,90,0,0.0,61974.46484375,0,90,70,1496.0,68137.390625
373,2001_5d7e08dc-461f-48ad-b27e-ebf35d41bca7_country,70,100,110,90,60,70,801.0,41470.08203125,50,80,40,18387.0,26277.525390625
374,2009_0f5f0366-f199-46dd-bbbd-34b282890e91_hip-hop,0,40,30,90,80,0,8330.0,38384.94921875,90,0,60,20484.0,19456.578125
375,1993_89f28dd9-568d-45aa-8a3b-15389bcb81f4_rock,40,30,50,30,40,50,18686.5,17199.40234375,90,80,70,3373.0,34379.89453125
376,2002_cd31e6f9-152d-45c4-ae33-431266a19e82_pop,0,10,110,90,80,40,1801.0,47894.10546875,90,80,70,4374.5,46153.5546875
377,1999_d0374fd8-223a-41cd-ae53-fc96dad1edc2_pop,0,10,100,90,80,70,384.0,70379.96875,90,80,70,3235.5,61169.45703125
378,1998_bfdf5e10-043e-47fb-bbde-3dcd16e13fc5_hip-hop,0,40,50,0,90,50,9290.0,35660.8828125,0,90,70,11949.5,37137.3828125
379,1998_08eba0cf-3a36-4655-9bff-ce2518934a21_electronic,100,90,80,60,80,70,722.5,32105.009765625,50,70,60,190.0,40423.4453125
380,2001_3749d18e-97f4-4b11-b063-8fa32ac21a99_rock,20,10,60,90,20,80,11529.5,39343.82421875,90,80,10,21684.5,17024.548828125
381,1995_711946e6-0c3e-3b60-92dd-20e3ced9d0e5_electronic,60,50,70,80,70,90,7982.0,31363.830078125,60,50,70,15236.5,33517.53515625
382,1997_6445dabe-2389-4dd8-94a6-9f22e8e254d6_country,100,0,110,90,60,70,17305.0,30152.033203125,10,80,20,9239.5,34809.89453125
383,2002_8303a23b-cc32-4383-973d-c418bee0ddd5_rock,60,40,50,80,50,90,14466.5,36315.68359375,40,90,80,18430.5,26884.44140625
384,1997_1abf3c04-cc11-4ea7-8377-dccf6355579c_hip-hop,0,110,90,90,80,40,24138.5,19228.251953125,80,30,70,26334.0,15176.0537109375
385,2005_3a131446-032a-4190-a101-72f85d65a5bb_hip-hop,20,30,10,80,90,70,152.0,50240.6015625,60,70,50,3177.0,43444.34765625
386,1998_84179abc-b714-40fc-8390-8518d57a41d5_electronic,20,0,30,90,80,70,942.5,63310.1796875,70,80,60,14936.5,26771.908203125
387,2007_3bfea784-6dfd-48bc-9f0a-c280d591f8f9_pop,0,40,50,90,80,70,21519.5,17658.212890625,40,50,60,15640.0,21214.44140625
388,2008_9116ee21-a76f-4322-bbef-7545ad3155f7_hip-hop,0,40,50,90,80,70,8389.5,33219.8046875,0,90,40,23844.5,8116.09130859375
389,2001_83f92cc6-5159-430c-abcb-be1671407c63_pop,10,110,20,90,80,70,412.5,69766.8203125,90,70,80,10555.5,31344.521484375
390,2007_805e1717-04f2-39c2-86fb-64d036d63c11_country,0,10,20,90,80,10,570.0,69992.8203125,90,80,70,3853.5,59651.8359375
391,1999_2cfa71de-25e5-433a-a689-01b9d140f59d_pop,0,110,30,90,80,70,848.0,49992.76953125,90,80,60,20020.0,23138.865234375
392,2003_81e6ae73-ac28-4e45-a350-62ec44049c80_electronic,20,10,0,90,60,80,4798.0,57548.7734375,40,60,30,13512.5,23781.79296875
393,2009_4f090737-cafa-4781-be6c-8ade7da5d681_electronic,10,20,70,90,80,70,88.5,61515.48828125,90,80,60,2956.5,38079.7578125
394,1998_d6c866bf-1bab-4c35-b538-d4b42c0d93ed_hip-hop,0,40,110,0,90,40,3399.0,63081.8828125,0,90,70,3002.0,63715.61328125
395,1994_97410570-1112-465d-9eff-2e721e57e738_hip-hop,20,40,10,30,10,20,25785.5,14519.5517578125,60,70,50,6909.5,35077.25
396,2004_cdd3e963-3ef7-484e-b266-3f2d5d631b3b_pop,20,100,30,90,40,50,10789.0,46207.98046875,60,50,80,11740.5,25465.287109375
397,1998_d28b1565-137e-475b-b554-a4a9cde3810b_rock,20,30,10,90,80,70,425.5,49978.078125,30,70,40,19869.5,21010.10546875
398,1996_85e9cfbd-d41d-407f-ad85-7e661c0c11db_electronic,0,110,10,90,40,30,25833.5,19970.83984375,60,70,90,15049.5,24269.345703125
399,2003_d1727eed-2480-43d8-aa97-e980f365224d_electronic,30,70,60,90,70,80,4005.5,45160.6015625,60,30,40,13094.5,26022.896484375
400,1999_cac2b28b-469a-4a7e-8f56-21acb12f6c77_pop,80,70,110,70,60,50,16334.0,22813.958984375,40,50,60,10571.5,34012.6796875
401,1995_802bf5d5-9257-4d29-84af-edf61bc0c91c_country,0,110,100,90,20,80,4662.0,60086.2109375,90,80,40,5962.5,56896.984375
402,2003_0c5f99da-3386-41aa-b28e-7bde860dad04_rock,100,0,90,90,80,60,3709.5,60997.96484375,90,80,10,5689.0,47046.93359375
403,1991_209058f3-4f55-4be0-81c4-a5c4f9ad9934_country,10,80,0,90,80,70,10992.5,30943.828125,40,60,90,18016.0,18557.814453125
404,1990_912a8e16-3730-46e4-847d-dfba119df13a_pop,100,110,0,90,40,50,14667.5,27977.6953125,90,70,50,24995.5,21919.296875
405,2008_853dc35d-8f09-345e-81e7-cee78e6a5c34_pop,110,100,60,90,80,70,12503.5,28150.802734375,60,90,50,18467.0,23686.96484375
406,1991_cd6100f2-cbbe-3703-916b-d3e35d9efd4a_rock,10,0,20,80,90,50,3819.5,49074.25390625,70,60,80,5272.5,35344.87890625
407,1996_aea728ef-e286-3949-bfba-01ab0ac961c2_pop,0,10,20,90,80,70,4648.0,40686.98828125,80,90,70,21320.5,20061.1328125
408,2009_74204276-618e-43d5-99e5-829328fee10a_electronic,20,30,10,30,40,80,7654.5,32356.86328125,60,70,90,12480.5,34357.921875
409,1995_0d225de3-5dcf-4219-93e0-be16ab17afa7_rock,0,110,10,90,80,30,9172.5,41464.7890625,60,90,80,24527.5,23047.841796875
410,1997_0aec800b-621e-48df-a734-2720a6312885_rock,80,20,0,90,80,70,18918.5,17586.15234375,10,60,40,21926.0,19504.62109375
411,2009_8c468df7-03af-4245-bd83-be085d9d6bf6_pop,40,50,100,80,70,60,15271.0,26624.029296875,50,30,40,16789.5,22696.134765625
412,2001_91eb8ddf-5683-4ab2-aa1b-be39d1a65f7c_rock,30,0,40,80,90,0,10221.5,33846.33984375,90,0,80,13841.0,33060.71875
413,1999_78d4a493-4036-338f-8eef-466f38b3e935_rock,0,10,110,90,80,70,3831.0,49597.890625,90,80,70,13378.5,44658.84765625
414,2004_a5727d40-4f38-49df-a3f0-13b619ed4814_hip-hop,20,10,0,90,80,70,6272.0,52291.51171875,60,70,90,18552.0,16246.97265625
415,2000_9df31376-02b2-400c-bc65-83480a28287e_electronic,110,80,100,90,60,70,4493.0,43353.63671875,80,40,70,13284.5,31658.904296875
416,2000_b3da1b87-ab9d-4bbd-ab4e-d9c46ef41a7d_country,80,70,10,80,70,90,5262.5,42043.3203125,60,50,40,18916.0,20056.90234375
417,1990_55267b7f-24b1-3180-b988-4990e07f88c8_electronic,10,0,70,90,80,70,26.0,73573.0,90,0,60,1428.0,46626.625
418,1991_1174e529-a321-4a65-8c02-6dcbd573a383_country,10,20,30,90,80,70,720.5,68475.9140625,70,60,80,18201.0,32098.189453125
419,2000_459e1739-d8c4-4386-a176-5f934aabf9f6_pop,40,0,110,50,90,80,12015.0,34786.328125,60,90,70,9990.5,36451.8359375
420,2005_fa0d5bfc-58c9-43c2-aea3-fa0edb56e83f_country,0,10,20,90,80,70,808.0,71274.9375,90,60,70,15250.0,31786.078125
421,2009_16bca431-2228-4156-8f12-1932b72c2335_pop,50,0,30,90,80,70,523.0,66428.7421875,60,90,40,8454.0,40429.62890625
422,2005_26f618e5-3259-4e4e-94ca-5df54bd1469d_electronic,0,70,110,90,80,70,415.0,65180.640625,90,20,40,1697.5,63099.28515625
423,1993_9fe3276e-e7a2-4364-bc36-09704613360b_electronic,30,20,110,40,50,90,4310.5,43078.62109375,70,60,90,3253.0,42402.83203125
424,1993_002877ac-67ec-49c0-b12f-68bc9b4ee1af_country,20,10,30,90,80,10,11453.5,35839.57421875,60,70,90,18324.5,27205.490234375
425,2002_9e327a6d-4cbd-4068-a647-896069a7e2a0_rock,90,0,100,90,80,70,1.0,66530.546875,50,60,90,1676.5,36693.28125
426,1996_0bafaedd-658b-4ed7-90df-1582a23c79b7_rock,60,50,30,90,80,20,17245.5,25981.6640625,60,70,20,11401.5,27899.283203125
427,2009_0789780c-0059-44f7-b4f5-5a06de3dcd26_pop,30,20,10,80,90,70,4155.0,43003.703125,50,40,60,24646.5,16001.0791015625
428,1999_99070885-eb30-4604-be19-c07bd93ef12e_rock,110,0,100,90,80,70,23502.5,15390.0302734375,50,60,40,26240.5,16200.572265625
429,1993_ab48b1da-7190-4f3a-b1c3-78b4778128a7_hip-hop,40,30,0,80,90,60,23347.5,14390.33984375,40,70,60,23911.0,17366.623046875
430,2006_47c4a416-cf8b-44b2-ae05-7f810c6e149e_electronic,110,0,100,90,80,70,27.0,63103.296875,80,90,70,11021.0,40320.0078125
431,1993_8068e914-f3a9-4e3c-a9dd-511ec459a626_pop,0,50,100,90,80,70,17580.5,34836.90625,90,40,80,16475.0,27176.099609375
432,1999_fc0c4079-a29f-30e3-939e-d6ee4d03f886_rock,20,70,0,90,70,80,5296.5,43049.91015625,60,30,20,18920.5,25426.01953125
433,2008_15954da7-7d95-4813-abfe-b7c61e4d0975_hip-hop,20,10,70,90,80,70,5036.0,39322.234375,90,40,30,17238.5,29527.36328125
434,2004_db1f317d-7c44-474b-9be6-3302eb52fcb2_country,0,110,10,90,80,60,2925.0,67375.109375,90,60,50,4558.0,58091.0859375
435,2008_86c91629-9d6c-416b-8b2e-3ba4e6ed0b07_hip-hop,30,20,50,90,80,70,11169.5,35100.8984375,60,50,70,19536.0,22680.439453125
436,1997_b73f4fe0-8676-401f-b38e-9b117d6e2f8e_pop,110,0,100,90,20,10,2790.0,66111.015625,90,80,70,1229.5,46541.44140625
437,1991_052c18c4-2fd7-4be8-bf9e-c538d131a039_electronic,110,0,100,90,80,70,0.0,74863.765625,90,80,70,4487.5,49944.76953125
438,1995_f2d28583-174b-4c50-bd86-e0d4b866bf11_hip-hop,0,70,60,90,80,70,4364.0,34515.71484375,50,60,70,16326.0,24324.306640625
439,2008_6312f231-415c-4317-b145-460edfce1806_hip-hop,110,0,70,90,80,70,2629.0,46907.30859375,90,40,60,26098.0,11114.751953125
440,2005_0b98781c-a8ec-4a9e-a4ed-0fdfd1033ced_hip-hop,10,30,20,80,90,70,294.0,60639.98046875,90,80,40,10887.5,31402.8515625
441,2003_780902b9-e89f-473f-8616-7d27c0d3f22c_pop,0,30,10,80,90,70,1972.5,42577.984375,90,80,40,15160.5,36808.40234375
442,2006_9820fea9-39da-3e96-830a-202b6cde8253_pop,100,0,70,90,80,70,6619.0,34125.33203125,60,90,50,29420.0,18591.59375
443,2004_d145e18a-6cbe-434b-82fe-dd680d45b060_pop,110,100,30,90,80,70,19247.5,19905.697265625,60,40,70,33429.0,18739.541015625
444,1993_52ff2a91-e2c9-3045-9dff-879dd4864426_rock,0,40,10,90,80,70,6472.0,39307.4140625,90,80,60,26808.5,17201.037109375
445,2007_a5d1ef39-09af-45ea-a3d7-8af0a91a691a_hip-hop,80,30,20,90,80,70,381.5,41954.9609375,60,50,40,19390.0,23718.86328125
446,2005_ede858b2-0b08-4944-bc2e-88dc50f8ba9f_pop,110,0,40,60,90,70,12728.5,28788.9609375,80,90,60,14619.5,34272.65234375
447,1996_9f754cd6-7653-4b0d-bf72-1745a60d5f1e_pop,110,10,0,90,80,70,5651.5,49218.11328125,90,60,70,14695.0,38896.28125
448,2005_a42b2f39-dd6c-4db0-896f-456d2ad0c474_hip-hop,0,10,30,90,80,50,7556.0,48264.6640625,70,90,60,24534.0,16486.76171875
449,2002_cf2823eb-9fbd-46a7-af5c-9e4455277c62_rock,110,10,30,90,80,70,10967.0,37276.2109375,90,80,70,15099.5,29304.8046875
450,1995_856284e5-e975-461c-b132-6ab9c2f27ef0_country,110,0,10,90,70,80,7053.0,36099.60546875,80,90,70,6816.5,33049.87890625
451,2000_6df2edfe-cad6-4f74-b660-e782c60f5da5_electronic,10,0,40,50,40,80,27669.0,21396.77734375,80,70,60,17751.5,27488.587890625
452,2007_81e0d103-5fbe-4765-8c75-8ba33c30b36b_country,70,110,0,90,80,70,8893.5,42826.51171875,40,90,50,13148.5,36382.58984375
453,2003_d5f90194-031d-4192-88f5-9bb89ce632bd_electronic,110,90,100,80,70,90,25623.5,21267.572265625,90,30,80,22732.5,17191.01953125
454,2001_55699405-a41f-4835-8ff0-d659808edccd_pop,110,0,100,70,90,80,7329.0,45971.9609375,70,60,90,4275.0,46604.9765625
455,1992_2bd73f2b-9d42-4ea9-b5b2-1c91ad87a692_pop,110,0,100,90,80,70,3077.0,61416.81640625,90,60,40,6081.0,55356.88671875
456,2005_98450cf0-1972-403c-ab5f-318003cc6c6c_hip-hop,0,110,10,80,70,90,15058.0,24577.478515625,70,20,80,19841.5,20207.166015625
457,1990_28d79e63-2e5a-404d-b95f-f1b383babcfe_country,110,0,10,90,80,40,18904.5,31776.923828125,70,60,90,16468.5,28181.970703125
458,2006_a047b949-977d-4f8e-ad97-c7fdd621fe79_hip-hop,50,0,40,80,70,20,18406.5,26236.640625,50,60,90,9396.5,33022.40625
459,1999_81a1dc18-349b-4470-a85f-f2cf1cf3ff67_electronic,0,110,30,90,80,70,4677.0,50518.90625,90,60,40,10577.5,47297.421875
460,2003_c25b0906-b5ab-495c-8979-fdda63c231a9_country,0,60,10,90,60,50,9239.5,45709.88671875,60,70,90,8860.5,28145.662109375
461,1991_754faecf-8687-4e02-9fd3-e1165d8b7f28_country,110,40,20,90,80,70,3047.0,44384.48046875,60,80,50,22246.0,19275.890625
462,2007_3a65e08a-a077-4fcf-b81b-901fa9104fc8_rock,110,0,40,90,80,70,5137.5,41699.48046875,90,40,80,11466.0,45393.1328125
463,2007_437a177e-71a7-4cc3-9af4-f6fad7636fdc_pop,0,110,80,90,80,50,1820.0,67732.8984375,90,40,10,4239.0,62207.66015625
464,1999_0c25166a-9684-43ae-8349-a3133269d3e2_rock,30,10,20,90,70,80,312.5,64680.578125,90,80,70,11606.5,28593.15625
465,2007_331b3e8d-c13d-4664-b066-2c455c77ffd2_country,110,100,20,90,80,70,23068.5,21976.390625,60,80,70,21235.5,19480.53125
466,2001_529b0a15-e88e-4af3-a0c2-bf05b2e0fbdc_pop,40,100,50,90,80,70,22720.5,18471.03125,30,80,40,27484.0,17277.6484375
467,1997_db470570-67e1-40f0-afef-9e089b28cabd_hip-hop,40,30,20,90,80,70,139.0,69812.5859375,50,90,80,12013.5,35912.06640625
468,2003_c382865c-1a47-4650-97be-e8e12272e211_country,0,110,100,90,50,80,203.0,74438.421875,90,40,50,660.5,73115.15625
469,2001_6803c0ea-0fb7-442a-afb0-b8614c83d038_hip-hop,80,100,110,90,80,70,7227.0,37693.7265625,50,60,90,15165.0,24764.4921875
470,2001_c25f58bd-3a4b-4940-a172-0bf6d0435887_hip-hop,0,10,20,90,80,70,16983.5,27375.13671875,50,60,40,22732.5,16162.4990234375
471,1998_84cfc47e-60e8-4256-a87f-b952056288dc_hip-hop,10,0,20,90,80,0,4214.0,51119.828125,90,60,80,24885.0,22414.12890625
472,2008_ac3c348f-8d12-40bd-8def-7aa67d4946a3_rock,110,100,0,90,80,70,2361.0,58434.4921875,90,80,70,8683.5,33591.765625
473,2006_82f14d3d-094c-4c93-8892-51d5099f6872_rock,0,0,0,90,0,0,0.0,68859.3203125,0,30,10,11622.5,34680.78515625
474,1996_6394deb7-c2e6-4d9f-8164-c7661bb62edd_country,0,30,110,90,70,60,9491.5,29643.20703125,90,40,50,9066.5,30099.2109375
475,2006_bd18c7e3-7248-4f68-90f7-f5f0c4c491ac_country,110,0,20,90,80,50,18418.0,21939.39453125,90,80,70,26000.5,20866.013671875
476,1999_82dfe0a3-a84f-499a-9efa-da0c0873ea33_country,0,10,30,90,80,70,14422.0,30010.591796875,60,20,40,21506.5,18206.15625
477,2004_495c9999-ebd7-44ab-a631-f3c626b17246_electronic,70,80,20,90,70,80,19842.0,20761.580078125,60,50,40,5286.5,54367.55859375
478,2003_de1fbef7-d6cb-4e87-bb8d-5fb084b8b58b_country,10,0,100,90,80,70,1710.0,46982.296875,50,60,40,26472.5,17590.154296875
479,2000_14e7a6a2-f181-4e67-92d0-01303e60ddfa_pop,110,50,60,90,50,60,14434.0,30000.2578125,70,80,60,11949.0,29885.8984375
480,2009_323b22de-fcba-4881-a9e7-7c495000e9ed_electronic,0,40,30,90,80,70,5535.5,46326.80859375,0,90,80,13055.0,35164.078125
481,2007_14ccf0a8-9085-4713-97f9-e9da16dbed2f_electronic,30,70,60,50,40,30,1855.0,41978.00390625,30,70,60,9296.0,27609.88671875
482,1992_6d8ae022-8687-46ed-8755-045f73494fee_hip-hop,60,10,70,90,70,80,11087.0,34952.62890625,60,90,70,17402.5,30811.91015625
483,2005_d1918911-da23-4c5b-8a1d-31c69731110b_hip-hop,110,0,100,90,80,70,9692.5,41405.0,90,40,80,15512.0,44040.47265625
484,1991_9be99ebf-9486-4981-a13b-d1c960bc9ca7_rock,40,10,20,90,60,50,18880.0,23761.671875,80,50,60,30580.5,18691.84375
485,2001_6da289bf-35b6-41b4-8a9d-60c120a1622e_country,20,10,30,90,80,70,118.0,50700.79296875,30,70,80,19647.5,21028.771484375
486,2006_2ef79631-26b6-4b63-b55c-8863394003cc_electronic,30,0,10,90,80,70,215.5,53782.26171875,70,60,50,19728.5,24615.76171875
487,2008_6155451e-57a5-4ce0-9a91-8a119fbe59cb_hip-hop,30,20,10,90,80,70,688.0,53243.4296875,70,60,80,22840.0,19811.755859375
488,2009_5f9ff8e2-8007-4c2d-9559-b98ec27ff776_pop,0,90,110,90,80,0,3466.0,61961.26953125,90,60,0,15973.0,22172.244140625
489,2000_a7c54111-057b-4d91-a0ee-f3f30d5fc6ef_electronic,0,10,20,90,80,70,437.0,50919.55859375,80,90,70,11929.0,27121.990234375
490,1991_4349b090-8599-4151-b5ba-a94ac327933c_rock,0,10,110,90,80,70,3268.0,48986.0625,60,90,30,17461.0,22527.759765625
491,2007_7cef5d37-90ac-4b7e-8e76-31a02363f431_hip-hop,0,10,60,90,80,0,1688.0,65761.078125,90,40,0,12905.5,41221.3359375
492,2001_2bee1831-f594-486e-bec1-0b213a7d07ee_pop,0,110,80,90,80,70,2094.0,60172.31640625,70,60,80,13435.5,23191.58203125
493,2008_16c2685c-36cd-475f-bfaf-8ceb8bbd95ee_pop,0,10,30,90,80,60,2345.5,56851.875,90,80,70,4506.5,36436.1328125
494,2005_489287ff-44ee-4e14-9653-3a257980d728_pop,0,110,40,90,80,70,3296.0,46178.66796875,80,90,0,23265.0,7678.658203125
495,2004_c4cf23d5-c0f6-49f8-b892-87f044f377e1_hip-hop,0,10,80,90,80,50,11747.5,43810.27734375,90,50,40,11966.0,37973.54296875
496,2006_d61a6676-7851-4a10-811a-cb9aaed06d23_pop,110,0,60,90,80,70,3663.0,36454.82421875,90,80,30,17668.5,26591.61328125
497,2006_441a4aea-4451-419a-98dc-2b5fe242dc04_electronic,0,110,10,90,80,0,17661.5,23808.20703125,60,0,90,28738.0,9416.1533203125
498,2006_e30870f0-4c78-4465-98ed-40077948a650_rock,0,100,10,90,80,70,63.5,41618.63671875,80,50,60,30625.5,20764.224609375
499,1991_2369662f-fa9a-4d51-b68e-00133f6a32fe_electronic,50,40,60,60,70,50,16481.0,23090.232421875,60,70,80,14636.0,27002.451171875
